"p_very_low","p_low","p_med","p_high"
"failure","failure","success","success"
"failure","failure","success","success"
"failure","failure","success","success"
"failure","failure","failure","success"
"failure","failure","success","success"
"failure","failure","success","success"
"failure","failure","failure","success"
"success","success","success","success"
"failure","success","success","success"
"failure","failure","failure","success"
"failure","failure","failure","success"
"failure","failure","success","success"
"failure","failure","success","success"
"failure","failure","failure","failure"
"failure","failure","success","success"
"failure","failure","failure","success"
"failure","success","success","success"
"failure","failure","success","success"
"failure","failure","success","success"
"failure","failure","success","success"
"failure","failure","success","success"
"failure","success","success","success"
"success","success","success","success"
"success","success","success","success"
"failure","success","success","success"
"failure","failure","failure","success"
"failure","failure","failure","success"
"failure","failure","failure","success"
"failure","failure","failure","success"
"failure","success","success","success"
"failure","failure","failure","success"
"failure","failure","failure","success"
"failure","success","success","success"
"failure","failure","failure","success"
"failure","failure","success","success"
"failure","failure","success","success"
"failure","failure","success","success"
"failure","failure","failure","success"
"failure","success","success","success"
"failure","failure","success","success"
"failure","failure","failure","failure"
"failure","failure","failure","success"
"failure","success","success","success"
"failure","failure","success","success"
"failure","failure","failure","success"
"failure","failure","failure","success"
"failure","failure","success","success"
"failure","failure","failure","success"
"failure","failure","failure","success"
"failure","failure","failure","success"
"failure","failure","failure","success"
"failure","failure","success","success"
"failure","failure","success","success"
"failure","failure","failure","success"
"failure","failure","failure","success"
"failure","failure","success","success"
"failure","failure","failure","success"
"failure","failure","success","success"
"failure","success","success","success"
"failure","failure","success","success"
"failure","failure","failure","failure"
"failure","failure","success","success"
"failure","failure","success","success"
"failure","failure","success","success"
"failure","failure","success","success"
"failure","failure","failure","success"
"failure","failure","failure","failure"
"failure","failure","failure","success"
"failure","failure","failure","success"
"failure","failure","success","success"
"failure","failure","failure","success"
"failure","failure","failure","failure"
"failure","success","success","success"
"failure","failure","failure","success"
"failure","success","success","success"
"failure","failure","failure","success"
"failure","failure","failure","success"
"failure","failure","failure","success"
"failure","success","success","success"
"failure","failure","failure","success"
"failure","failure","failure","success"
"failure","failure","success","success"
"failure","failure","failure","failure"
"failure","failure","success","success"
"failure","failure","success","success"
"failure","failure","failure","failure"
"failure","failure","success","success"
"failure","failure","success","success"
"failure","failure","failure","success"
"failure","failure","success","success"
"failure","failure","failure","success"
"failure","success","success","success"
"failure","failure","failure","success"
"failure","failure","failure","success"
"failure","failure","failure","failure"
"failure","failure","success","success"
"failure","failure","failure","success"
"failure","success","success","success"
"failure","failure","failure","success"
"failure","failure","success","success"
"failure","failure","failure","success"
"failure","failure","failure","success"
"failure","failure","success","success"
"failure","failure","failure","failure"
"failure","failure","failure","success"
"failure","failure","failure","failure"
"failure","success","success","success"
"failure","failure","failure","success"
"failure","failure","success","success"
"failure","failure","success","success"
"failure","failure","failure","success"
"failure","success","success","success"
"failure","success","success","success"
"failure","failure","failure","success"
"failure","failure","failure","success"
"failure","failure","failure","success"
"failure","failure","success","success"
"failure","failure","success","success"
"failure","failure","failure","success"
"failure","failure","failure","success"
"failure","failure","success","success"
"failure","failure","success","success"
"failure","failure","failure","failure"
"failure","success","success","success"
"failure","failure","success","success"
"failure","failure","failure","success"
"failure","failure","failure","success"
"failure","failure","success","success"
"failure","failure","success","success"
"failure","failure","success","success"
"failure","failure","success","success"
"failure","success","success","success"
"failure","failure","failure","failure"
"failure","failure","failure","success"
"failure","failure","failure","success"
"success","success","success","success"
"failure","failure","failure","success"
"failure","failure","failure","success"
"failure","failure","failure","success"
"failure","failure","failure","success"
"failure","failure","success","success"
"failure","failure","failure","success"
"failure","failure","failure","success"
"failure","success","success","success"
"failure","failure","failure","success"
"failure","failure","failure","success"
"failure","failure","failure","success"
"failure","failure","failure","failure"
"failure","failure","failure","failure"
"failure","failure","failure","success"
"failure","failure","failure","success"
"failure","failure","success","success"
"failure","failure","success","success"
"failure","failure","failure","success"
"failure","failure","failure","success"
"failure","failure","success","success"
"failure","failure","failure","success"
"success","success","success","success"
"failure","success","success","success"
"success","success","success","success"
"failure","failure","failure","failure"
"failure","failure","failure","success"
"failure","success","success","success"
"failure","failure","success","success"
"failure","success","success","success"
"failure","success","success","success"
"failure","failure","failure","success"
"failure","failure","success","success"
"failure","failure","failure","success"
"failure","failure","failure","success"
"failure","failure","failure","success"
"failure","failure","failure","success"
"failure","success","success","success"
"failure","failure","failure","success"
"failure","failure","failure","success"
"failure","failure","failure","failure"
"failure","failure","failure","success"
"failure","failure","success","success"
"failure","success","success","success"
"failure","failure","success","success"
"failure","success","success","success"
"failure","failure","failure","success"
"failure","failure","failure","success"
"failure","failure","failure","failure"
"failure","failure","failure","success"
"failure","failure","success","success"
"failure","failure","success","success"
"failure","failure","success","success"
"failure","failure","success","success"
"failure","failure","success","success"
"success","success","success","success"
"failure","failure","failure","failure"
"failure","failure","failure","success"
"failure","failure","failure","failure"
"failure","success","success","success"
"failure","success","success","success"
"failure","failure","failure","success"
"failure","failure","failure","failure"
"failure","failure","success","success"
"failure","success","success","success"
"failure","success","success","success"
"failure","failure","failure","success"
"failure","failure","success","success"
"failure","failure","success","success"
"failure","failure","failure","failure"
"failure","failure","failure","success"
"failure","failure","failure","success"
"failure","failure","failure","success"
"failure","failure","success","success"
"failure","failure","failure","success"
"failure","success","success","success"
"failure","failure","failure","success"
"failure","success","success","success"
"failure","failure","failure","success"
"failure","success","success","success"
"failure","failure","failure","success"
"failure","success","success","success"
"failure","failure","failure","success"
"failure","failure","success","success"
"failure","failure","failure","failure"
"failure","success","success","success"
"failure","success","success","success"
"failure","failure","failure","success"
"failure","failure","success","success"
"failure","failure","failure","failure"
"failure","failure","failure","success"
"failure","failure","success","success"
"failure","failure","failure","success"
"failure","failure","failure","success"
"failure","success","success","success"
"failure","success","success","success"
"failure","failure","failure","success"
"failure","success","success","success"
"failure","failure","failure","failure"
"success","success","success","success"
"failure","failure","success","success"
"failure","failure","success","success"
"failure","failure","failure","failure"
"failure","success","success","success"
"failure","failure","failure","success"
"failure","success","success","success"
"failure","failure","failure","success"
"failure","failure","failure","success"
"failure","failure","failure","success"
"failure","failure","success","success"
"failure","failure","success","success"
"failure","failure","failure","success"
"failure","failure","failure","success"
"failure","failure","failure","success"
"failure","failure","success","success"
"failure","failure","failure","failure"
"failure","failure","success","success"
"failure","failure","failure","success"
"failure","success","success","success"
"failure","failure","success","success"
"failure","failure","success","success"
"failure","failure","failure","failure"
"failure","failure","failure","success"
"failure","failure","success","success"
"failure","success","success","success"
"failure","failure","failure","success"
"failure","failure","failure","success"
"failure","failure","failure","failure"
"failure","failure","failure","success"
"failure","failure","success","success"
"failure","failure","failure","success"
"failure","failure","success","success"
"failure","failure","failure","success"
"failure","failure","failure","success"
"failure","failure","failure","success"
"failure","failure","success","success"
"failure","success","success","success"
"failure","failure","failure","failure"
"failure","failure","failure","success"
"failure","failure","success","success"
"failure","failure","success","success"
"failure","success","success","success"
"failure","failure","failure","success"
"failure","failure","success","success"
"failure","failure","success","success"
"failure","failure","success","success"
"failure","failure","success","success"
"failure","failure","failure","success"
"failure","failure","failure","success"
"failure","failure","success","success"
"failure","failure","failure","success"
"failure","success","success","success"
"failure","failure","failure","failure"
"failure","failure","failure","success"
"failure","failure","failure","success"
"failure","failure","failure","success"
"failure","failure","failure","success"
"failure","success","success","success"
"failure","failure","success","success"
"failure","failure","success","success"
"failure","failure","failure","success"
"failure","success","success","success"
"failure","failure","failure","success"
"success","success","success","success"
"failure","failure","failure","success"
"failure","failure","failure","success"
"success","success","success","success"
"failure","failure","failure","success"
"failure","failure","failure","failure"
"failure","success","success","success"
"failure","failure","failure","success"
"failure","failure","failure","success"
"failure","success","success","success"
"failure","failure","failure","success"
"failure","failure","failure","failure"
"failure","success","success","success"
"failure","success","success","success"
"failure","failure","failure","success"
"failure","failure","success","success"
"failure","failure","success","success"
"failure","failure","success","success"
"failure","success","success","success"
"failure","failure","success","success"
"failure","failure","failure","success"
"failure","success","success","success"
"failure","failure","failure","failure"
"failure","failure","failure","success"
"failure","success","success","success"
"failure","failure","failure","success"
"failure","failure","success","success"
"failure","success","success","success"
"failure","failure","failure","success"
"failure","failure","failure","success"
"failure","failure","failure","success"
"failure","failure","success","success"
"failure","failure","success","success"
"failure","failure","success","success"
"success","success","success","success"
"failure","failure","success","success"
"failure","failure","failure","success"
"failure","failure","success","success"
"failure","success","success","success"
"failure","success","success","success"
"failure","failure","failure","failure"
"failure","failure","success","success"
"failure","failure","failure","success"
"failure","failure","success","success"
"failure","failure","failure","success"
"failure","failure","failure","success"
"failure","failure","failure","success"
"failure","success","success","success"
"failure","success","success","success"
"failure","failure","success","success"
"failure","success","success","success"
"failure","failure","failure","success"
"failure","failure","failure","failure"
"failure","failure","success","success"
"failure","failure","failure","success"
"failure","success","success","success"
"failure","failure","failure","success"
"failure","failure","failure","failure"
"failure","failure","success","success"
"success","success","success","success"
"failure","failure","failure","failure"
"failure","failure","success","success"
"failure","failure","failure","success"
"failure","success","success","success"
"success","success","success","success"
"failure","failure","failure","success"
"failure","failure","success","success"
"failure","failure","success","success"
"failure","failure","failure","success"
"failure","failure","success","success"
"failure","failure","failure","success"
"failure","failure","failure","success"
"failure","failure","failure","success"
"failure","failure","failure","success"
"failure","failure","failure","success"
"failure","failure","success","success"
"success","success","success","success"
"failure","success","success","success"
"failure","failure","failure","success"
"failure","failure","failure","success"
"failure","failure","failure","success"
"failure","failure","failure","success"
"failure","failure","success","success"
"failure","failure","success","success"
"failure","failure","success","success"
"failure","failure","success","success"
"failure","failure","failure","success"
"failure","failure","success","success"
"failure","failure","failure","success"
"failure","failure","failure","success"
"failure","success","success","success"
"failure","failure","success","success"
"failure","success","success","success"
"failure","failure","failure","failure"
"failure","failure","failure","success"
"failure","success","success","success"
"failure","failure","success","success"
"failure","failure","failure","success"
"failure","success","success","success"
"failure","failure","failure","success"
"failure","success","success","success"
"failure","failure","success","success"
"failure","failure","failure","success"
"failure","success","success","success"
"failure","failure","success","success"
"failure","failure","failure","success"
"failure","success","success","success"
"failure","failure","failure","success"
"failure","failure","failure","success"
"failure","failure","failure","success"
"failure","failure","failure","success"
"failure","failure","failure","success"
"failure","failure","failure","success"
"failure","failure","success","success"
"failure","failure","success","success"
"failure","failure","failure","success"
"failure","success","success","success"
"failure","failure","failure","failure"
"failure","failure","success","success"
"failure","failure","success","success"
"failure","success","success","success"
"failure","failure","success","success"
"failure","failure","failure","success"
"failure","success","success","success"
"failure","success","success","success"
"failure","failure","failure","success"
"failure","failure","failure","failure"
"failure","success","success","success"
"failure","failure","success","success"
"failure","failure","failure","success"
"failure","failure","failure","success"
"failure","success","success","success"
"failure","failure","failure","failure"
"failure","failure","failure","failure"
"failure","failure","success","success"
"failure","success","success","success"
"failure","failure","success","success"
"failure","failure","failure","success"
"failure","success","success","success"
"failure","failure","success","success"
"failure","success","success","success"
"failure","failure","success","success"
"failure","failure","failure","success"
"failure","success","success","success"
"failure","failure","failure","failure"
"failure","failure","failure","success"
"failure","success","success","success"
"failure","failure","failure","success"
"failure","failure","success","success"
"failure","failure","failure","success"
"failure","failure","failure","failure"
"failure","failure","failure","success"
"success","success","success","success"
"failure","failure","failure","success"
"failure","failure","failure","success"
"success","success","success","success"
"failure","failure","success","success"
"failure","failure","failure","success"
"failure","failure","failure","success"
"failure","failure","success","success"
"failure","failure","failure","failure"
"failure","failure","failure","failure"
"failure","failure","success","success"
"failure","failure","failure","success"
"failure","success","success","success"
"failure","failure","failure","failure"
"failure","failure","failure","success"
"failure","failure","success","success"
"failure","success","success","success"
"failure","failure","failure","success"
"failure","failure","success","success"
"failure","failure","failure","success"
"failure","failure","failure","success"
"failure","failure","failure","success"
"failure","failure","failure","success"
"failure","failure","failure","success"
"failure","success","success","success"
"failure","success","success","success"
"failure","success","success","success"
"failure","failure","success","success"
"failure","failure","success","success"
"failure","failure","failure","success"
"failure","success","success","success"
"failure","failure","failure","success"
"failure","success","success","success"
"failure","success","success","success"
"failure","failure","success","success"
"failure","failure","failure","failure"
"failure","success","success","success"
"failure","failure","failure","success"
"failure","failure","failure","success"
"failure","failure","failure","success"
"failure","failure","failure","failure"
"failure","failure","success","success"
"failure","failure","failure","success"
"failure","success","success","success"
"failure","success","success","success"
"failure","failure","failure","success"
"failure","failure","failure","success"
"failure","failure","success","success"
"failure","success","success","success"
"failure","failure","failure","success"
"failure","failure","failure","success"
"failure","failure","failure","success"
"failure","failure","failure","success"
"failure","success","success","success"
"failure","failure","success","success"
"failure","failure","failure","success"
"failure","failure","failure","failure"
"failure","failure","failure","success"
"failure","failure","failure","success"
"failure","success","success","success"
"failure","failure","success","success"
"failure","failure","failure","success"
"failure","failure","success","success"
"failure","success","success","success"
"failure","failure","success","success"
"failure","failure","failure","success"
"failure","failure","failure","success"
"failure","success","success","success"
"failure","failure","failure","failure"
"failure","failure","success","success"
"failure","failure","failure","success"
"success","success","success","success"
"failure","failure","failure","success"
"success","success","success","success"
"failure","failure","success","success"
"failure","success","success","success"
"failure","failure","failure","failure"
"failure","failure","failure","success"
"failure","failure","failure","success"
"success","success","success","success"
"failure","failure","failure","success"
"failure","failure","failure","success"
"failure","failure","success","success"
"failure","failure","failure","failure"
"failure","failure","failure","failure"
"failure","failure","failure","success"
"failure","failure","success","success"
"failure","failure","failure","success"
"failure","success","success","success"
"failure","success","success","success"
"failure","failure","failure","success"
"failure","failure","success","success"
"failure","success","success","success"
"failure","failure","failure","failure"
"failure","failure","success","success"
"failure","failure","failure","success"
"failure","failure","failure","success"
"failure","success","success","success"
"failure","failure","failure","success"
"failure","failure","failure","failure"
"failure","failure","success","success"
"failure","failure","success","success"
"failure","failure","success","success"
"failure","failure","failure","failure"
"failure","failure","failure","success"
"failure","failure","failure","success"
"failure","failure","failure","success"
"failure","failure","success","success"
"failure","failure","success","success"
"failure","failure","failure","success"
"failure","failure","failure","failure"
"failure","failure","success","success"
"failure","failure","failure","failure"
"success","success","success","success"
"failure","success","success","success"
"failure","failure","failure","failure"
"failure","failure","failure","success"
"failure","failure","failure","success"
"failure","failure","failure","success"
"failure","success","success","success"
"failure","failure","success","success"
"failure","failure","success","success"
"failure","success","success","success"
"failure","failure","success","success"
"failure","failure","failure","success"
"failure","failure","success","success"
"failure","failure","failure","failure"
"success","success","success","success"
"failure","failure","success","success"
"failure","failure","success","success"
"failure","failure","success","success"
"failure","success","success","success"
"failure","failure","success","success"
"failure","failure","failure","success"
"failure","failure","success","success"
"failure","failure","failure","success"
"failure","success","success","success"
"failure","failure","success","success"
"failure","failure","failure","success"
"failure","failure","failure","failure"
"failure","failure","failure","success"
"failure","failure","failure","success"
"failure","failure","failure","success"
"failure","failure","failure","success"
"failure","failure","success","success"
"failure","success","success","success"
"failure","success","success","success"
"failure","failure","failure","success"
"failure","success","success","success"
"failure","success","success","success"
"failure","failure","success","success"
"failure","failure","success","success"
"failure","failure","failure","failure"
"failure","success","success","success"
"failure","failure","success","success"
"failure","failure","failure","success"
"failure","failure","failure","success"
"failure","failure","success","success"
"failure","failure","failure","failure"
"failure","failure","failure","failure"
"failure","failure","failure","success"
"success","success","success","success"
"failure","failure","success","success"
"failure","success","success","success"
"failure","success","success","success"
"failure","failure","failure","success"
"failure","failure","failure","success"
"failure","failure","success","success"
"failure","failure","success","success"
"failure","failure","failure","success"
"failure","failure","failure","success"
"failure","failure","failure","success"
"failure","failure","success","success"
"failure","failure","failure","success"
"failure","failure","failure","success"
"failure","failure","failure","success"
"failure","failure","success","success"
"failure","failure","failure","failure"
"failure","failure","failure","success"
"failure","failure","failure","success"
"failure","success","success","success"
"failure","failure","failure","success"
"failure","failure","success","success"
"failure","failure","success","success"
"failure","failure","success","success"
"failure","failure","failure","success"
"failure","failure","success","success"
"failure","failure","failure","success"
"failure","success","success","success"
"failure","failure","success","success"
"failure","failure","failure","success"
"failure","failure","failure","success"
"failure","success","success","success"
"failure","success","success","success"
"failure","failure","failure","failure"
"failure","failure","failure","success"
"failure","failure","failure","success"
"failure","failure","success","success"
"failure","failure","failure","failure"
"failure","failure","failure","success"
"failure","failure","failure","success"
"failure","failure","success","success"
"success","success","success","success"
"failure","success","success","success"
"failure","failure","failure","success"
"failure","failure","success","success"
"failure","success","success","success"
"failure","failure","success","success"
"failure","failure","failure","success"
"failure","failure","success","success"
"failure","failure","failure","failure"
"failure","failure","failure","success"
"failure","failure","failure","success"
"failure","failure","failure","success"
"failure","failure","failure","success"
"failure","failure","success","success"
"failure","failure","failure","success"
"failure","failure","failure","success"
"failure","success","success","success"
"failure","failure","failure","success"
"failure","failure","failure","success"
"failure","failure","failure","success"
"failure","failure","failure","failure"
"failure","failure","success","success"
"failure","failure","success","success"
"failure","failure","success","success"
"failure","failure","success","success"
"failure","failure","success","success"
"failure","failure","success","success"
"failure","failure","success","success"
"failure","failure","failure","success"
"failure","failure","failure","success"
"failure","success","success","success"
"failure","failure","failure","success"
"failure","failure","success","success"
"failure","failure","failure","success"
"failure","failure","failure","failure"
"failure","success","success","success"
"failure","failure","success","success"
"failure","failure","failure","success"
"failure","failure","failure","success"
"failure","failure","failure","failure"
"failure","failure","failure","success"
"failure","success","success","success"
"failure","failure","success","success"
"failure","failure","failure","success"
"failure","failure","success","success"
"failure","success","success","success"
"failure","failure","failure","success"
"failure","failure","failure","success"
"failure","failure","failure","success"
"failure","success","success","success"
"failure","failure","failure","failure"
"failure","success","success","success"
"failure","failure","failure","success"
"failure","failure","failure","success"
"failure","failure","failure","failure"
"failure","success","success","success"
"failure","failure","failure","success"
"success","success","success","success"
"failure","failure","failure","success"
"failure","failure","failure","success"
"failure","failure","failure","success"
"failure","failure","success","success"
"failure","failure","success","success"
"failure","failure","failure","success"
"failure","failure","success","success"
"failure","failure","failure","success"
"failure","failure","failure","success"
"failure","failure","failure","success"
"failure","success","success","success"
"failure","failure","failure","success"
"failure","failure","success","success"
"failure","success","success","success"
"failure","success","success","success"
"failure","success","success","success"
"failure","failure","success","success"
"failure","failure","success","success"
"failure","failure","failure","success"
"failure","failure","failure","success"
"failure","failure","success","success"
"failure","failure","failure","success"
"failure","failure","success","success"
"failure","success","success","success"
"failure","failure","failure","success"
"failure","failure","success","success"
"failure","failure","success","success"
"failure","failure","success","success"
"failure","failure","success","success"
"failure","failure","failure","success"
"failure","failure","failure","success"
"failure","success","success","success"
"failure","success","success","success"
"failure","failure","failure","success"
"failure","failure","failure","success"
"failure","failure","success","success"
"failure","success","success","success"
"failure","failure","failure","success"
"failure","success","success","success"
"failure","failure","failure","success"
"failure","failure","failure","success"
"failure","failure","success","success"
"failure","success","success","success"
"failure","failure","success","success"
"failure","failure","failure","success"
"failure","failure","failure","success"
"failure","failure","failure","success"
"failure","failure","failure","failure"
"failure","failure","success","success"
"failure","failure","success","success"
"failure","success","success","success"
"failure","failure","failure","success"
"failure","failure","failure","success"
"failure","failure","failure","success"
"failure","failure","failure","failure"
"success","success","success","success"
"failure","failure","success","success"
"failure","failure","failure","success"
"failure","failure","failure","success"
"failure","failure","failure","success"
"failure","failure","failure","failure"
"failure","failure","success","success"
"failure","success","success","success"
"failure","failure","success","success"
"failure","failure","failure","success"
"failure","failure","success","success"
"failure","failure","success","success"
"failure","failure","failure","success"
"failure","failure","failure","success"
"failure","failure","failure","success"
"failure","failure","failure","failure"
"failure","failure","failure","success"
"failure","failure","failure","failure"
"failure","failure","success","success"
"failure","failure","failure","success"
"failure","failure","success","success"
"failure","failure","failure","success"
"failure","success","success","success"
"failure","failure","success","success"
"failure","failure","failure","success"
"failure","failure","success","success"
"failure","failure","success","success"
"failure","failure","failure","failure"
"success","success","success","success"
"failure","failure","failure","success"
"failure","failure","success","success"
"failure","failure","failure","failure"
"failure","failure","success","success"
"failure","failure","success","success"
"failure","failure","failure","failure"
"failure","failure","failure","failure"
"failure","failure","success","success"
"failure","failure","failure","failure"
"failure","success","success","success"
"failure","failure","success","success"
"failure","failure","failure","success"
"failure","failure","failure","success"
"failure","failure","success","success"
"failure","failure","success","success"
"failure","failure","success","success"
"failure","failure","failure","success"
"failure","failure","failure","success"
"failure","failure","failure","failure"
"failure","failure","failure","success"
"failure","failure","failure","success"
"failure","failure","failure","success"
"failure","success","success","success"
"failure","failure","failure","failure"
"failure","failure","success","success"
"failure","failure","failure","success"
"failure","failure","failure","success"
"failure","failure","failure","success"
"success","success","success","success"
"failure","success","success","success"
"failure","failure","failure","success"
"failure","failure","success","success"
"failure","failure","failure","success"
"failure","success","success","success"
"failure","failure","failure","success"
"failure","failure","failure","success"
"failure","failure","failure","success"
"failure","failure","success","success"
"failure","failure","failure","success"
"failure","success","success","success"
"failure","success","success","success"
"failure","failure","failure","success"
"failure","failure","failure","success"
"failure","failure","success","success"
"failure","failure","success","success"
"failure","failure","failure","success"
"failure","failure","success","success"
"failure","success","success","success"
"failure","failure","failure","success"
"failure","failure","failure","failure"
"failure","failure","failure","success"
"failure","failure","failure","success"
"failure","failure","failure","success"
"failure","failure","success","success"
"failure","failure","failure","success"
"failure","failure","success","success"
"failure","failure","success","success"
"failure","failure","success","success"
"failure","failure","success","success"
"failure","failure","failure","success"
"failure","success","success","success"
"failure","failure","success","success"
"failure","success","success","success"
"failure","failure","success","success"
"failure","failure","success","success"
"failure","failure","failure","success"
"failure","failure","success","success"
"failure","failure","failure","success"
"failure","failure","failure","success"
"failure","failure","success","success"
"failure","failure","failure","success"
"failure","failure","failure","success"
"failure","failure","failure","success"
"failure","failure","failure","success"
"failure","success","success","success"
"failure","failure","success","success"
"failure","failure","failure","success"
"failure","success","success","success"
"failure","failure","success","success"
"failure","success","success","success"
"failure","failure","failure","success"
"failure","failure","failure","success"
"failure","failure","success","success"
"failure","failure","failure","failure"
"failure","failure","failure","failure"
"failure","failure","success","success"
"failure","failure","failure","success"
"failure","failure","success","success"
"failure","failure","success","success"
"success","success","success","success"
"failure","failure","success","success"
"failure","failure","success","success"
"failure","failure","failure","success"
"failure","success","success","success"
"failure","success","success","success"
"failure","failure","failure","success"
"failure","failure","success","success"
"failure","failure","success","success"
"failure","success","success","success"
"failure","failure","failure","failure"
"failure","failure","failure","success"
"failure","failure","failure","failure"
"failure","failure","failure","success"
"failure","failure","success","success"
"failure","failure","failure","success"
"failure","failure","success","success"
"failure","success","success","success"
"failure","failure","success","success"
"failure","failure","failure","failure"
"failure","failure","success","success"
"failure","failure","success","success"
"failure","success","success","success"
"failure","failure","success","success"
"failure","failure","failure","success"
"failure","failure","failure","success"
"failure","failure","success","success"
"failure","success","success","success"
"failure","failure","failure","success"
"success","success","success","success"
"failure","failure","failure","success"
"failure","failure","failure","failure"
"failure","failure","failure","success"
"failure","failure","success","success"
"failure","failure","success","success"
"failure","failure","failure","success"
"failure","failure","failure","success"
"failure","failure","success","success"
"failure","failure","success","success"
"failure","failure","success","success"
"failure","failure","success","success"
"failure","failure","failure","success"
"failure","failure","success","success"
"failure","failure","failure","success"
"failure","failure","failure","success"
"failure","failure","failure","success"
"failure","failure","success","success"
"failure","success","success","success"
"failure","failure","success","success"
"failure","failure","success","success"
"failure","failure","failure","failure"
"failure","failure","success","success"
"failure","failure","failure","failure"
"failure","failure","failure","success"
"success","success","success","success"
"failure","failure","success","success"
"failure","failure","failure","success"
"failure","failure","failure","success"
"failure","success","success","success"
"failure","success","success","success"
"failure","failure","success","success"
"failure","failure","success","success"
"failure","success","success","success"
"failure","success","success","success"
"failure","failure","success","success"
"failure","failure","failure","success"
"failure","failure","failure","success"
"failure","failure","success","success"
"failure","failure","failure","success"
"failure","failure","failure","success"
"failure","failure","failure","success"
"failure","failure","success","success"
"failure","failure","success","success"
"failure","failure","success","success"
"failure","failure","failure","success"
"failure","failure","failure","success"
"failure","failure","failure","success"
"failure","failure","success","success"
"failure","failure","success","success"
"failure","failure","failure","success"
"failure","success","success","success"
"failure","failure","success","success"
"failure","failure","success","success"
"failure","failure","failure","failure"
"failure","failure","failure","success"
"failure","failure","failure","success"
"failure","success","success","success"
"failure","failure","failure","success"
"failure","failure","success","success"
"failure","success","success","success"
"failure","failure","failure","failure"
"failure","failure","failure","success"
"failure","failure","failure","failure"
"failure","failure","success","success"
"failure","failure","success","success"
"failure","failure","success","success"
"failure","failure","failure","success"
"failure","failure","success","success"
"failure","failure","failure","success"
"failure","failure","success","success"
"failure","success","success","success"
"failure","failure","failure","success"
"failure","failure","failure","success"
"failure","failure","failure","failure"
"failure","failure","success","success"
"failure","failure","failure","success"
"failure","failure","success","success"
"failure","failure","failure","success"
"failure","failure","failure","success"
"failure","failure","failure","success"
"failure","failure","failure","success"
"failure","failure","failure","failure"
"failure","failure","success","success"
"failure","failure","success","success"
"failure","failure","success","success"
"failure","failure","failure","success"
"failure","failure","success","success"
